{
    "waveFreq": 10000,
    "args": "",
    "Channels": [
        0,
        1
    ],
    "Rate": 50000000,
    "CenterFreq": 50500000,
    "Gain": 0,
    "Waves": [
        [





          
            {
                "phase": 0.9561907931925722,
                "freq": -1000000,
                "amplitude": 0.2
            },
            {
                "phase": 0.584735149833349,
                "freq": 1000000,
                "amplitude": 0.2
            }
        ],
        [
            {
                "phase": 0.4655349269240965,
                "freq": 0,
                "amplitude": 0.2
            }
        ]
    ]
}
